full_page,row_on_page,listing_line,file_id,file,source_line
1,1,1,1,egohand3d/storage.py,1
1,2,2,1,egohand3d/storage.py,2
1,3,3,1,egohand3d/storage.py,4
1,4,4,1,egohand3d/storage.py,5
1,5,5,1,egohand3d/storage.py,6
1,6,6,1,egohand3d/storage.py,7
1,7,7,1,egohand3d/storage.py,8
1,8,8,1,egohand3d/storage.py,11
1,9,9,1,egohand3d/storage.py,12
1,10,10,1,egohand3d/storage.py,13
1,11,11,1,egohand3d/storage.py,16
1,12,12,1,egohand3d/storage.py,17
1,13,13,1,egohand3d/storage.py,18
1,14,14,1,egohand3d/storage.py,19
1,15,15,1,egohand3d/storage.py,20
1,16,16,1,egohand3d/storage.py,21
1,17,17,1,egohand3d/storage.py,24
1,18,18,1,egohand3d/storage.py,25
1,19,19,1,egohand3d/storage.py,26
1,20,20,1,egohand3d/storage.py,27
1,21,21,1,egohand3d/storage.py,28
1,22,22,1,egohand3d/storage.py,29
1,23,23,1,egohand3d/storage.py,30
1,24,24,1,egohand3d/storage.py,33
1,25,25,1,egohand3d/storage.py,34
1,26,26,1,egohand3d/storage.py,35
1,27,27,1,egohand3d/storage.py,36
1,28,28,1,egohand3d/storage.py,37
1,29,29,1,egohand3d/storage.py,38
1,30,30,1,egohand3d/storage.py,39
1,31,31,1,egohand3d/storage.py,40
1,32,32,1,egohand3d/storage.py,41
1,33,33,1,egohand3d/storage.py,42
1,34,34,1,egohand3d/storage.py,43
1,35,35,1,egohand3d/storage.py,46
1,36,36,1,egohand3d/storage.py,47
1,37,37,1,egohand3d/storage.py,50
1,38,38,1,egohand3d/storage.py,51
1,39,39,2,egohand3d/media.py,1
1,40,40,2,egohand3d/media.py,2
1,41,41,2,egohand3d/media.py,4
1,42,42,2,egohand3d/media.py,5
1,43,43,2,egohand3d/media.py,7
1,44,44,2,egohand3d/media.py,8
1,45,45,2,egohand3d/media.py,10
1,46,46,2,egohand3d/media.py,12
1,47,47,2,egohand3d/media.py,13
1,48,48,2,egohand3d/media.py,16
1,49,49,2,egohand3d/media.py,17
1,50,50,2,egohand3d/media.py,18
2,1,51,2,egohand3d/media.py,21
2,2,52,2,egohand3d/media.py,22
2,3,53,2,egohand3d/media.py,23
2,4,54,2,egohand3d/media.py,24
2,5,55,2,egohand3d/media.py,25
2,6,56,2,egohand3d/media.py,26
2,7,57,2,egohand3d/media.py,27
2,8,58,2,egohand3d/media.py,28
2,9,59,2,egohand3d/media.py,29
2,10,60,2,egohand3d/media.py,30
2,11,61,2,egohand3d/media.py,31
2,12,62,2,egohand3d/media.py,32
2,13,63,2,egohand3d/media.py,33
2,14,64,2,egohand3d/media.py,34
2,15,65,2,egohand3d/media.py,35
2,16,66,2,egohand3d/media.py,36
2,17,67,2,egohand3d/media.py,37
2,18,68,2,egohand3d/media.py,38
2,19,69,2,egohand3d/media.py,39
2,20,70,2,egohand3d/media.py,40
2,21,71,2,egohand3d/media.py,41
2,22,72,2,egohand3d/media.py,42
2,23,73,2,egohand3d/media.py,43
2,24,74,2,egohand3d/media.py,44
2,25,75,2,egohand3d/media.py,45
2,26,76,2,egohand3d/media.py,46
2,27,77,2,egohand3d/media.py,47
2,28,78,2,egohand3d/media.py,48
2,29,79,2,egohand3d/media.py,49
2,30,80,2,egohand3d/media.py,50
2,31,81,2,egohand3d/media.py,51
2,32,82,2,egohand3d/media.py,52
2,33,83,2,egohand3d/media.py,53
2,34,84,2,egohand3d/media.py,54
2,35,85,2,egohand3d/media.py,55
2,36,86,2,egohand3d/media.py,56
2,37,87,2,egohand3d/media.py,57
2,38,88,2,egohand3d/media.py,58
2,39,89,2,egohand3d/media.py,59
2,40,90,2,egohand3d/media.py,60
2,41,91,2,egohand3d/media.py,63
2,42,92,2,egohand3d/media.py,64
2,43,93,2,egohand3d/media.py,66
2,44,94,2,egohand3d/media.py,67
2,45,95,2,egohand3d/media.py,68
2,46,96,2,egohand3d/media.py,69
2,47,97,2,egohand3d/media.py,70
2,48,98,2,egohand3d/media.py,71
2,49,99,2,egohand3d/media.py,72
2,50,100,2,egohand3d/media.py,73
3,1,101,2,egohand3d/media.py,74
3,2,102,2,egohand3d/media.py,75
3,3,103,2,egohand3d/media.py,76
3,4,104,2,egohand3d/media.py,77
3,5,105,2,egohand3d/media.py,78
3,6,106,2,egohand3d/media.py,79
3,7,107,2,egohand3d/media.py,80
3,8,108,2,egohand3d/media.py,81
3,9,109,2,egohand3d/media.py,82
3,10,110,2,egohand3d/media.py,83
3,11,111,2,egohand3d/media.py,84
3,12,112,2,egohand3d/media.py,85
3,13,113,2,egohand3d/media.py,86
3,14,114,2,egohand3d/media.py,87
3,15,115,2,egohand3d/media.py,88
3,16,116,2,egohand3d/media.py,89
3,17,117,2,egohand3d/media.py,90
3,18,118,2,egohand3d/media.py,91
3,19,119,2,egohand3d/media.py,92
3,20,120,2,egohand3d/media.py,93
3,21,121,2,egohand3d/media.py,94
3,22,122,2,egohand3d/media.py,95
3,23,123,2,egohand3d/media.py,96
3,24,124,2,egohand3d/media.py,97
3,25,125,2,egohand3d/media.py,98
3,26,126,2,egohand3d/media.py,99
3,27,127,2,egohand3d/media.py,100
3,28,128,2,egohand3d/media.py,101
3,29,129,2,egohand3d/media.py,102
3,30,130,2,egohand3d/media.py,103
3,31,131,2,egohand3d/media.py,104
3,32,132,2,egohand3d/media.py,105
3,33,133,2,egohand3d/media.py,106
3,34,134,2,egohand3d/media.py,107
3,35,135,2,egohand3d/media.py,108
3,36,136,2,egohand3d/media.py,109
3,37,137,3,egohand3d/jobs.py,1
3,38,138,3,egohand3d/jobs.py,2
3,39,139,3,egohand3d/jobs.py,4
3,40,140,3,egohand3d/jobs.py,5
3,41,141,3,egohand3d/jobs.py,6
3,42,142,3,egohand3d/jobs.py,7
3,43,143,3,egohand3d/jobs.py,8
3,44,144,3,egohand3d/jobs.py,9
3,45,145,3,egohand3d/jobs.py,11
3,46,146,3,egohand3d/jobs.py,14
3,47,147,3,egohand3d/jobs.py,15
3,48,148,3,egohand3d/jobs.py,18
3,49,149,3,egohand3d/jobs.py,19
3,50,150,3,egohand3d/jobs.py,20
4,1,151,3,egohand3d/jobs.py,21
4,2,152,3,egohand3d/jobs.py,22
4,3,153,3,egohand3d/jobs.py,23
4,4,154,3,egohand3d/jobs.py,24
4,5,155,3,egohand3d/jobs.py,25
4,6,156,3,egohand3d/jobs.py,26
4,7,157,3,egohand3d/jobs.py,27
4,8,158,3,egohand3d/jobs.py,28
4,9,159,3,egohand3d/jobs.py,29
4,10,160,3,egohand3d/jobs.py,32
4,11,161,3,egohand3d/jobs.py,33
4,12,162,3,egohand3d/jobs.py,34
4,13,163,3,egohand3d/jobs.py,35
4,14,164,3,egohand3d/jobs.py,36
4,15,165,3,egohand3d/jobs.py,37
4,16,166,3,egohand3d/jobs.py,38
4,17,167,3,egohand3d/jobs.py,39
4,18,168,3,egohand3d/jobs.py,40
4,19,169,3,egohand3d/jobs.py,41
4,20,170,3,egohand3d/jobs.py,42
4,21,171,3,egohand3d/jobs.py,43
4,22,172,3,egohand3d/jobs.py,44
4,23,173,3,egohand3d/jobs.py,45
4,24,174,3,egohand3d/jobs.py,47
4,25,175,3,egohand3d/jobs.py,48
4,26,176,3,egohand3d/jobs.py,50
4,27,177,3,egohand3d/jobs.py,51
4,28,178,3,egohand3d/jobs.py,52
4,29,179,3,egohand3d/jobs.py,54
4,30,180,3,egohand3d/jobs.py,55
4,31,181,3,egohand3d/jobs.py,56
4,32,182,3,egohand3d/jobs.py,58
4,33,183,3,egohand3d/jobs.py,59
4,34,184,3,egohand3d/jobs.py,60
4,35,185,3,egohand3d/jobs.py,61
4,36,186,3,egohand3d/jobs.py,62
4,37,187,3,egohand3d/jobs.py,63
4,38,188,3,egohand3d/jobs.py,64
4,39,189,3,egohand3d/jobs.py,65
4,40,190,3,egohand3d/jobs.py,66
4,41,191,3,egohand3d/jobs.py,67
4,42,192,3,egohand3d/jobs.py,68
4,43,193,3,egohand3d/jobs.py,69
4,44,194,3,egohand3d/jobs.py,70
4,45,195,3,egohand3d/jobs.py,71
4,46,196,3,egohand3d/jobs.py,72
4,47,197,3,egohand3d/jobs.py,74
4,48,198,3,egohand3d/jobs.py,75
4,49,199,3,egohand3d/jobs.py,76
4,50,200,3,egohand3d/jobs.py,77
5,1,201,3,egohand3d/jobs.py,78
5,2,202,3,egohand3d/jobs.py,79
5,3,203,3,egohand3d/jobs.py,80
5,4,204,3,egohand3d/jobs.py,82
5,5,205,3,egohand3d/jobs.py,83
5,6,206,3,egohand3d/jobs.py,84
5,7,207,3,egohand3d/jobs.py,85
5,8,208,3,egohand3d/jobs.py,86
5,9,209,3,egohand3d/jobs.py,88
5,10,210,3,egohand3d/jobs.py,89
5,11,211,3,egohand3d/jobs.py,90
5,12,212,3,egohand3d/jobs.py,91
5,13,213,3,egohand3d/jobs.py,93
5,14,214,3,egohand3d/jobs.py,94
5,15,215,3,egohand3d/jobs.py,95
5,16,216,3,egohand3d/jobs.py,97
5,17,217,3,egohand3d/jobs.py,98
5,18,218,3,egohand3d/jobs.py,100
5,19,219,3,egohand3d/jobs.py,101
5,20,220,3,egohand3d/jobs.py,102
5,21,221,3,egohand3d/jobs.py,103
5,22,222,3,egohand3d/jobs.py,104
5,23,223,3,egohand3d/jobs.py,107
5,24,224,3,egohand3d/jobs.py,108
5,25,225,3,egohand3d/jobs.py,109
5,26,226,3,egohand3d/jobs.py,110
5,27,227,3,egohand3d/jobs.py,111
5,28,228,3,egohand3d/jobs.py,112
5,29,229,3,egohand3d/jobs.py,113
5,30,230,3,egohand3d/jobs.py,114
5,31,231,3,egohand3d/jobs.py,115
5,32,232,3,egohand3d/jobs.py,116
5,33,233,3,egohand3d/jobs.py,117
5,34,234,4,egohand3d/mano_codec.py,1
5,35,235,4,egohand3d/mano_codec.py,3
5,36,236,4,egohand3d/mano_codec.py,4
5,37,237,4,egohand3d/mano_codec.py,5
5,38,238,4,egohand3d/mano_codec.py,6
5,39,239,4,egohand3d/mano_codec.py,8
5,40,240,4,egohand3d/mano_codec.py,9
5,41,241,4,egohand3d/mano_codec.py,10
5,42,242,4,egohand3d/mano_codec.py,12
5,43,243,4,egohand3d/mano_codec.py,15
5,44,244,4,egohand3d/mano_codec.py,16
5,45,245,4,egohand3d/mano_codec.py,17
5,46,246,4,egohand3d/mano_codec.py,18
5,47,247,4,egohand3d/mano_codec.py,19
5,48,248,4,egohand3d/mano_codec.py,20
5,49,249,4,egohand3d/mano_codec.py,21
5,50,250,4,egohand3d/mano_codec.py,22
6,1,251,4,egohand3d/mano_codec.py,23
6,2,252,4,egohand3d/mano_codec.py,26
6,3,253,4,egohand3d/mano_codec.py,27
6,4,254,4,egohand3d/mano_codec.py,28
6,5,255,4,egohand3d/mano_codec.py,29
6,6,256,4,egohand3d/mano_codec.py,30
6,7,257,4,egohand3d/mano_codec.py,31
6,8,258,4,egohand3d/mano_codec.py,32
6,9,259,4,egohand3d/mano_codec.py,33
6,10,260,4,egohand3d/mano_codec.py,34
6,11,261,4,egohand3d/mano_codec.py,35
6,12,262,4,egohand3d/mano_codec.py,36
6,13,263,4,egohand3d/mano_codec.py,37
6,14,264,4,egohand3d/mano_codec.py,38
6,15,265,4,egohand3d/mano_codec.py,39
6,16,266,4,egohand3d/mano_codec.py,40
6,17,267,4,egohand3d/mano_codec.py,41
6,18,268,4,egohand3d/mano_codec.py,42
6,19,269,4,egohand3d/mano_codec.py,43
6,20,270,4,egohand3d/mano_codec.py,44
6,21,271,4,egohand3d/mano_codec.py,45
6,22,272,4,egohand3d/mano_codec.py,46
6,23,273,4,egohand3d/mano_codec.py,47
6,24,274,4,egohand3d/mano_codec.py,48
6,25,275,4,egohand3d/mano_codec.py,49
6,26,276,4,egohand3d/mano_codec.py,50
6,27,277,4,egohand3d/mano_codec.py,51
6,28,278,4,egohand3d/mano_codec.py,52
6,29,279,4,egohand3d/mano_codec.py,55
6,30,280,4,egohand3d/mano_codec.py,56
6,31,281,4,egohand3d/mano_codec.py,57
6,32,282,4,egohand3d/mano_codec.py,58
6,33,283,4,egohand3d/mano_codec.py,59
6,34,284,4,egohand3d/mano_codec.py,60
6,35,285,4,egohand3d/mano_codec.py,61
6,36,286,4,egohand3d/mano_codec.py,62
6,37,287,4,egohand3d/mano_codec.py,63
6,38,288,4,egohand3d/mano_codec.py,64
6,39,289,4,egohand3d/mano_codec.py,65
6,40,290,4,egohand3d/mano_codec.py,66
6,41,291,4,egohand3d/mano_codec.py,67
6,42,292,4,egohand3d/mano_codec.py,68
6,43,293,4,egohand3d/mano_codec.py,69
6,44,294,4,egohand3d/mano_codec.py,70
6,45,295,4,egohand3d/mano_codec.py,71
6,46,296,4,egohand3d/mano_codec.py,72
6,47,297,4,egohand3d/mano_codec.py,73
6,48,298,4,egohand3d/mano_codec.py,74
6,49,299,4,egohand3d/mano_codec.py,75
6,50,300,4,egohand3d/mano_codec.py,76
7,1,301,4,egohand3d/mano_codec.py,77
7,2,302,4,egohand3d/mano_codec.py,78
7,3,303,4,egohand3d/mano_codec.py,79
7,4,304,4,egohand3d/mano_codec.py,82
7,5,305,4,egohand3d/mano_codec.py,83
7,6,306,4,egohand3d/mano_codec.py,84
7,7,307,4,egohand3d/mano_codec.py,85
7,8,308,4,egohand3d/mano_codec.py,86
7,9,309,4,egohand3d/mano_codec.py,87
7,10,310,4,egohand3d/mano_codec.py,88
7,11,311,4,egohand3d/mano_codec.py,91
7,12,312,4,egohand3d/mano_codec.py,92
7,13,313,4,egohand3d/mano_codec.py,93
7,14,314,4,egohand3d/mano_codec.py,95
7,15,315,4,egohand3d/mano_codec.py,96
7,16,316,4,egohand3d/mano_codec.py,97
7,17,317,4,egohand3d/mano_codec.py,98
7,18,318,4,egohand3d/mano_codec.py,99
7,19,319,4,egohand3d/mano_codec.py,100
7,20,320,4,egohand3d/mano_codec.py,102
7,21,321,4,egohand3d/mano_codec.py,103
7,22,322,4,egohand3d/mano_codec.py,104
7,23,323,4,egohand3d/mano_codec.py,105
7,24,324,4,egohand3d/mano_codec.py,106
7,25,325,4,egohand3d/mano_codec.py,107
7,26,326,4,egohand3d/mano_codec.py,108
7,27,327,4,egohand3d/mano_codec.py,109
7,28,328,4,egohand3d/mano_codec.py,110
7,29,329,4,egohand3d/mano_codec.py,111
7,30,330,4,egohand3d/mano_codec.py,112
7,31,331,4,egohand3d/mano_codec.py,113
7,32,332,4,egohand3d/mano_codec.py,114
7,33,333,4,egohand3d/mano_codec.py,115
7,34,334,4,egohand3d/mano_codec.py,116
7,35,335,4,egohand3d/mano_codec.py,117
7,36,336,4,egohand3d/mano_codec.py,118
7,37,337,4,egohand3d/mano_codec.py,119
7,38,338,4,egohand3d/mano_codec.py,120
7,39,339,4,egohand3d/mano_codec.py,121
7,40,340,4,egohand3d/mano_codec.py,122
7,41,341,4,egohand3d/mano_codec.py,123
7,42,342,4,egohand3d/mano_codec.py,124
7,43,343,4,egohand3d/mano_codec.py,126
7,44,344,4,egohand3d/mano_codec.py,127
7,45,345,4,egohand3d/mano_codec.py,128
7,46,346,4,egohand3d/mano_codec.py,129
7,47,347,4,egohand3d/mano_codec.py,130
7,48,348,4,egohand3d/mano_codec.py,131
7,49,349,4,egohand3d/mano_codec.py,132
7,50,350,4,egohand3d/mano_codec.py,133
8,1,351,4,egohand3d/mano_codec.py,134
8,2,352,4,egohand3d/mano_codec.py,135
8,3,353,4,egohand3d/mano_codec.py,136
8,4,354,4,egohand3d/mano_codec.py,137
8,5,355,4,egohand3d/mano_codec.py,140
8,6,356,4,egohand3d/mano_codec.py,141
8,7,357,4,egohand3d/mano_codec.py,142
8,8,358,4,egohand3d/mano_codec.py,143
8,9,359,4,egohand3d/mano_codec.py,144
8,10,360,4,egohand3d/mano_codec.py,145
8,11,361,4,egohand3d/mano_codec.py,146
8,12,362,4,egohand3d/mano_codec.py,147
8,13,363,4,egohand3d/mano_codec.py,148
8,14,364,4,egohand3d/mano_codec.py,149
8,15,365,4,egohand3d/mano_codec.py,150
8,16,366,4,egohand3d/mano_codec.py,151
8,17,367,4,egohand3d/mano_codec.py,152
8,18,368,4,egohand3d/mano_codec.py,153
8,19,369,4,egohand3d/mano_codec.py,154
8,20,370,4,egohand3d/mano_codec.py,155
8,21,371,4,egohand3d/mano_codec.py,156
8,22,372,4,egohand3d/mano_codec.py,157
8,23,373,5,egohand3d/quality.py,1
8,24,374,5,egohand3d/quality.py,2
8,25,375,5,egohand3d/quality.py,4
8,26,376,5,egohand3d/quality.py,6
8,27,377,5,egohand3d/quality.py,9
8,28,378,5,egohand3d/quality.py,10
8,29,379,5,egohand3d/quality.py,11
8,30,380,5,egohand3d/quality.py,12
8,31,381,5,egohand3d/quality.py,13
8,32,382,5,egohand3d/quality.py,14
8,33,383,5,egohand3d/quality.py,15
8,34,384,5,egohand3d/quality.py,16
8,35,385,5,egohand3d/quality.py,17
8,36,386,5,egohand3d/quality.py,18
8,37,387,5,egohand3d/quality.py,19
8,38,388,5,egohand3d/quality.py,20
8,39,389,5,egohand3d/quality.py,21
8,40,390,5,egohand3d/quality.py,22
8,41,391,5,egohand3d/quality.py,23
8,42,392,5,egohand3d/quality.py,24
8,43,393,5,egohand3d/quality.py,25
8,44,394,5,egohand3d/quality.py,26
8,45,395,5,egohand3d/quality.py,27
8,46,396,5,egohand3d/quality.py,28
8,47,397,5,egohand3d/quality.py,29
8,48,398,5,egohand3d/quality.py,30
8,49,399,5,egohand3d/quality.py,31
8,50,400,5,egohand3d/quality.py,32
9,1,401,5,egohand3d/quality.py,33
9,2,402,5,egohand3d/quality.py,34
9,3,403,5,egohand3d/quality.py,35
9,4,404,5,egohand3d/quality.py,36
9,5,405,5,egohand3d/quality.py,37
9,6,406,6,egohand3d/pipeline.py,1
9,7,407,6,egohand3d/pipeline.py,2
9,8,408,6,egohand3d/pipeline.py,4
9,9,409,6,egohand3d/pipeline.py,5
9,10,410,6,egohand3d/pipeline.py,6
9,11,411,6,egohand3d/pipeline.py,7
9,12,412,6,egohand3d/pipeline.py,8
9,13,413,6,egohand3d/pipeline.py,9
9,14,414,6,egohand3d/pipeline.py,10
9,15,415,6,egohand3d/pipeline.py,11
9,16,416,6,egohand3d/pipeline.py,13
9,17,417,6,egohand3d/pipeline.py,14
9,18,418,6,egohand3d/pipeline.py,16
9,19,419,6,egohand3d/pipeline.py,17
9,20,420,6,egohand3d/pipeline.py,18
9,21,421,6,egohand3d/pipeline.py,19
9,22,422,6,egohand3d/pipeline.py,20
9,23,423,6,egohand3d/pipeline.py,21
9,24,424,6,egohand3d/pipeline.py,23
9,25,425,6,egohand3d/pipeline.py,26
9,26,426,6,egohand3d/pipeline.py,27
9,27,427,6,egohand3d/pipeline.py,28
9,28,428,6,egohand3d/pipeline.py,29
9,29,429,6,egohand3d/pipeline.py,32
9,30,430,6,egohand3d/pipeline.py,33
9,31,431,6,egohand3d/pipeline.py,34
9,32,432,6,egohand3d/pipeline.py,35
9,33,433,6,egohand3d/pipeline.py,36
9,34,434,6,egohand3d/pipeline.py,37
9,35,435,6,egohand3d/pipeline.py,38
9,36,436,6,egohand3d/pipeline.py,39
9,37,437,6,egohand3d/pipeline.py,42
9,38,438,6,egohand3d/pipeline.py,43
9,39,439,6,egohand3d/pipeline.py,44
9,40,440,6,egohand3d/pipeline.py,45
9,41,441,6,egohand3d/pipeline.py,46
9,42,442,6,egohand3d/pipeline.py,47
9,43,443,6,egohand3d/pipeline.py,48
9,44,444,6,egohand3d/pipeline.py,49
9,45,445,6,egohand3d/pipeline.py,50
9,46,446,6,egohand3d/pipeline.py,51
9,47,447,6,egohand3d/pipeline.py,52
9,48,448,6,egohand3d/pipeline.py,53
9,49,449,6,egohand3d/pipeline.py,54
9,50,450,6,egohand3d/pipeline.py,55
10,1,451,6,egohand3d/pipeline.py,56
10,2,452,6,egohand3d/pipeline.py,57
10,3,453,6,egohand3d/pipeline.py,58
10,4,454,6,egohand3d/pipeline.py,59
10,5,455,6,egohand3d/pipeline.py,60
10,6,456,6,egohand3d/pipeline.py,61
10,7,457,6,egohand3d/pipeline.py,62
10,8,458,6,egohand3d/pipeline.py,63
10,9,459,6,egohand3d/pipeline.py,64
10,10,460,6,egohand3d/pipeline.py,65
10,11,461,6,egohand3d/pipeline.py,66
10,12,462,6,egohand3d/pipeline.py,67
10,13,463,6,egohand3d/pipeline.py,68
10,14,464,6,egohand3d/pipeline.py,69
10,15,465,6,egohand3d/pipeline.py,70
10,16,466,6,egohand3d/pipeline.py,71
10,17,467,6,egohand3d/pipeline.py,72
10,18,468,6,egohand3d/pipeline.py,75
10,19,469,6,egohand3d/pipeline.py,76
10,20,470,6,egohand3d/pipeline.py,77
10,21,471,6,egohand3d/pipeline.py,78
10,22,472,6,egohand3d/pipeline.py,79
10,23,473,6,egohand3d/pipeline.py,80
10,24,474,6,egohand3d/pipeline.py,81
10,25,475,6,egohand3d/pipeline.py,82
10,26,476,6,egohand3d/pipeline.py,83
10,27,477,6,egohand3d/pipeline.py,84
10,28,478,6,egohand3d/pipeline.py,85
10,29,479,6,egohand3d/pipeline.py,86
10,30,480,6,egohand3d/pipeline.py,87
10,31,481,6,egohand3d/pipeline.py,88
10,32,482,6,egohand3d/pipeline.py,89
10,33,483,6,egohand3d/pipeline.py,90
10,34,484,6,egohand3d/pipeline.py,91
10,35,485,6,egohand3d/pipeline.py,92
10,36,486,6,egohand3d/pipeline.py,93
10,37,487,6,egohand3d/pipeline.py,94
10,38,488,6,egohand3d/pipeline.py,95
10,39,489,6,egohand3d/pipeline.py,96
10,40,490,6,egohand3d/pipeline.py,97
10,41,491,6,egohand3d/pipeline.py,98
10,42,492,6,egohand3d/pipeline.py,99
10,43,493,6,egohand3d/pipeline.py,100
10,44,494,6,egohand3d/pipeline.py,101
10,45,495,6,egohand3d/pipeline.py,102
10,46,496,6,egohand3d/pipeline.py,103
10,47,497,6,egohand3d/pipeline.py,104
10,48,498,6,egohand3d/pipeline.py,105
10,49,499,6,egohand3d/pipeline.py,106
10,50,500,6,egohand3d/pipeline.py,107
11,1,501,6,egohand3d/pipeline.py,110
11,2,502,6,egohand3d/pipeline.py,111
11,3,503,6,egohand3d/pipeline.py,112
11,4,504,6,egohand3d/pipeline.py,113
11,5,505,6,egohand3d/pipeline.py,114
11,6,506,6,egohand3d/pipeline.py,115
11,7,507,6,egohand3d/pipeline.py,116
11,8,508,6,egohand3d/pipeline.py,117
11,9,509,6,egohand3d/pipeline.py,118
11,10,510,6,egohand3d/pipeline.py,119
11,11,511,6,egohand3d/pipeline.py,120
11,12,512,6,egohand3d/pipeline.py,121
11,13,513,6,egohand3d/pipeline.py,122
11,14,514,6,egohand3d/pipeline.py,123
11,15,515,6,egohand3d/pipeline.py,124
11,16,516,6,egohand3d/pipeline.py,125
11,17,517,6,egohand3d/pipeline.py,126
11,18,518,6,egohand3d/pipeline.py,127
11,19,519,6,egohand3d/pipeline.py,128
11,20,520,6,egohand3d/pipeline.py,129
11,21,521,6,egohand3d/pipeline.py,130
11,22,522,6,egohand3d/pipeline.py,131
11,23,523,6,egohand3d/pipeline.py,132
11,24,524,6,egohand3d/pipeline.py,135
11,25,525,6,egohand3d/pipeline.py,136
11,26,526,6,egohand3d/pipeline.py,137
11,27,527,6,egohand3d/pipeline.py,138
11,28,528,6,egohand3d/pipeline.py,139
11,29,529,6,egohand3d/pipeline.py,140
11,30,530,6,egohand3d/pipeline.py,141
11,31,531,6,egohand3d/pipeline.py,142
11,32,532,6,egohand3d/pipeline.py,143
11,33,533,6,egohand3d/pipeline.py,144
11,34,534,6,egohand3d/pipeline.py,145
11,35,535,6,egohand3d/pipeline.py,146
11,36,536,6,egohand3d/pipeline.py,147
11,37,537,6,egohand3d/pipeline.py,148
11,38,538,6,egohand3d/pipeline.py,149
11,39,539,6,egohand3d/pipeline.py,150
11,40,540,6,egohand3d/pipeline.py,151
11,41,541,6,egohand3d/pipeline.py,152
11,42,542,6,egohand3d/pipeline.py,153
11,43,543,6,egohand3d/pipeline.py,154
11,44,544,6,egohand3d/pipeline.py,155
11,45,545,6,egohand3d/pipeline.py,156
11,46,546,6,egohand3d/pipeline.py,157
11,47,547,6,egohand3d/pipeline.py,158
11,48,548,6,egohand3d/pipeline.py,159
11,49,549,6,egohand3d/pipeline.py,160
11,50,550,6,egohand3d/pipeline.py,161
12,1,551,6,egohand3d/pipeline.py,162
12,2,552,6,egohand3d/pipeline.py,163
12,3,553,6,egohand3d/pipeline.py,164
12,4,554,6,egohand3d/pipeline.py,165
12,5,555,6,egohand3d/pipeline.py,166
12,6,556,6,egohand3d/pipeline.py,167
12,7,557,6,egohand3d/pipeline.py,168
12,8,558,6,egohand3d/pipeline.py,169
12,9,559,6,egohand3d/pipeline.py,170
12,10,560,6,egohand3d/pipeline.py,171
12,11,561,6,egohand3d/pipeline.py,172
12,12,562,6,egohand3d/pipeline.py,173
12,13,563,6,egohand3d/pipeline.py,174
12,14,564,6,egohand3d/pipeline.py,175
12,15,565,6,egohand3d/pipeline.py,176
12,16,566,6,egohand3d/pipeline.py,177
12,17,567,6,egohand3d/pipeline.py,178
12,18,568,6,egohand3d/pipeline.py,179
12,19,569,6,egohand3d/pipeline.py,180
12,20,570,6,egohand3d/pipeline.py,181
12,21,571,6,egohand3d/pipeline.py,182
12,22,572,6,egohand3d/pipeline.py,183
12,23,573,6,egohand3d/pipeline.py,184
12,24,574,6,egohand3d/pipeline.py,185
12,25,575,6,egohand3d/pipeline.py,186
12,26,576,6,egohand3d/pipeline.py,187
12,27,577,6,egohand3d/pipeline.py,188
12,28,578,6,egohand3d/pipeline.py,189
12,29,579,6,egohand3d/pipeline.py,190
12,30,580,6,egohand3d/pipeline.py,191
12,31,581,6,egohand3d/pipeline.py,192
12,32,582,6,egohand3d/pipeline.py,193
12,33,583,6,egohand3d/pipeline.py,194
12,34,584,6,egohand3d/pipeline.py,195
12,35,585,6,egohand3d/pipeline.py,196
12,36,586,6,egohand3d/pipeline.py,197
12,37,587,6,egohand3d/pipeline.py,198
12,38,588,6,egohand3d/pipeline.py,199
12,39,589,6,egohand3d/pipeline.py,200
12,40,590,6,egohand3d/pipeline.py,201
12,41,591,6,egohand3d/pipeline.py,202
12,42,592,6,egohand3d/pipeline.py,203
12,43,593,6,egohand3d/pipeline.py,204
12,44,594,6,egohand3d/pipeline.py,205
12,45,595,6,egohand3d/pipeline.py,206
12,46,596,6,egohand3d/pipeline.py,207
12,47,597,7,egohand3d/sequence.py,1
12,48,598,7,egohand3d/sequence.py,3
12,49,599,7,egohand3d/sequence.py,4
12,50,600,7,egohand3d/sequence.py,5
13,1,601,7,egohand3d/sequence.py,6
13,2,602,7,egohand3d/sequence.py,8
13,3,603,7,egohand3d/sequence.py,9
13,4,604,7,egohand3d/sequence.py,10
13,5,605,7,egohand3d/sequence.py,12
13,6,606,7,egohand3d/sequence.py,13
13,7,607,7,egohand3d/sequence.py,15
13,8,608,7,egohand3d/sequence.py,16
13,9,609,7,egohand3d/sequence.py,19
13,10,610,7,egohand3d/sequence.py,20
13,11,611,7,egohand3d/sequence.py,21
13,12,612,7,egohand3d/sequence.py,22
13,13,613,7,egohand3d/sequence.py,23
13,14,614,7,egohand3d/sequence.py,24
13,15,615,7,egohand3d/sequence.py,25
13,16,616,7,egohand3d/sequence.py,26
13,17,617,7,egohand3d/sequence.py,27
13,18,618,7,egohand3d/sequence.py,28
13,19,619,7,egohand3d/sequence.py,29
13,20,620,7,egohand3d/sequence.py,30
13,21,621,7,egohand3d/sequence.py,31
13,22,622,7,egohand3d/sequence.py,34
13,23,623,7,egohand3d/sequence.py,35
13,24,624,7,egohand3d/sequence.py,36
13,25,625,7,egohand3d/sequence.py,37
13,26,626,7,egohand3d/sequence.py,38
13,27,627,7,egohand3d/sequence.py,39
13,28,628,7,egohand3d/sequence.py,40
13,29,629,7,egohand3d/sequence.py,41
13,30,630,7,egohand3d/sequence.py,42
13,31,631,7,egohand3d/sequence.py,44
13,32,632,7,egohand3d/sequence.py,45
13,33,633,7,egohand3d/sequence.py,46
13,34,634,7,egohand3d/sequence.py,47
13,35,635,7,egohand3d/sequence.py,48
13,36,636,7,egohand3d/sequence.py,49
13,37,637,7,egohand3d/sequence.py,50
13,38,638,7,egohand3d/sequence.py,51
13,39,639,7,egohand3d/sequence.py,52
13,40,640,7,egohand3d/sequence.py,53
13,41,641,7,egohand3d/sequence.py,54
13,42,642,7,egohand3d/sequence.py,55
13,43,643,7,egohand3d/sequence.py,56
13,44,644,7,egohand3d/sequence.py,57
13,45,645,7,egohand3d/sequence.py,58
13,46,646,7,egohand3d/sequence.py,59
13,47,647,7,egohand3d/sequence.py,60
13,48,648,7,egohand3d/sequence.py,61
13,49,649,7,egohand3d/sequence.py,62
13,50,650,7,egohand3d/sequence.py,63
14,1,651,7,egohand3d/sequence.py,64
14,2,652,7,egohand3d/sequence.py,65
14,3,653,7,egohand3d/sequence.py,66
14,4,654,7,egohand3d/sequence.py,67
14,5,655,7,egohand3d/sequence.py,68
14,6,656,7,egohand3d/sequence.py,69
14,7,657,7,egohand3d/sequence.py,70
14,8,658,7,egohand3d/sequence.py,71
14,9,659,7,egohand3d/sequence.py,72
14,10,660,7,egohand3d/sequence.py,73
14,11,661,7,egohand3d/sequence.py,74
14,12,662,7,egohand3d/sequence.py,75
14,13,663,7,egohand3d/sequence.py,76
14,14,664,7,egohand3d/sequence.py,77
14,15,665,7,egohand3d/sequence.py,78
14,16,666,7,egohand3d/sequence.py,81
14,17,667,7,egohand3d/sequence.py,82
14,18,668,7,egohand3d/sequence.py,83
14,19,669,7,egohand3d/sequence.py,84
14,20,670,7,egohand3d/sequence.py,85
14,21,671,7,egohand3d/sequence.py,86
14,22,672,7,egohand3d/sequence.py,89
14,23,673,7,egohand3d/sequence.py,90
14,24,674,7,egohand3d/sequence.py,91
14,25,675,7,egohand3d/sequence.py,92
14,26,676,7,egohand3d/sequence.py,93
14,27,677,7,egohand3d/sequence.py,94
14,28,678,7,egohand3d/sequence.py,95
14,29,679,7,egohand3d/sequence.py,96
14,30,680,7,egohand3d/sequence.py,97
14,31,681,7,egohand3d/sequence.py,98
14,32,682,7,egohand3d/sequence.py,99
14,33,683,7,egohand3d/sequence.py,100
14,34,684,7,egohand3d/sequence.py,101
14,35,685,7,egohand3d/sequence.py,102
14,36,686,7,egohand3d/sequence.py,103
14,37,687,7,egohand3d/sequence.py,104
14,38,688,7,egohand3d/sequence.py,105
14,39,689,7,egohand3d/sequence.py,106
14,40,690,7,egohand3d/sequence.py,107
14,41,691,7,egohand3d/sequence.py,108
14,42,692,7,egohand3d/sequence.py,109
14,43,693,7,egohand3d/sequence.py,110
14,44,694,7,egohand3d/sequence.py,111
14,45,695,7,egohand3d/sequence.py,112
14,46,696,7,egohand3d/sequence.py,113
14,47,697,7,egohand3d/sequence.py,114
14,48,698,7,egohand3d/sequence.py,115
14,49,699,7,egohand3d/sequence.py,116
14,50,700,7,egohand3d/sequence.py,117
15,1,701,7,egohand3d/sequence.py,118
15,2,702,7,egohand3d/sequence.py,119
15,3,703,7,egohand3d/sequence.py,120
15,4,704,7,egohand3d/sequence.py,121
15,5,705,7,egohand3d/sequence.py,122
15,6,706,7,egohand3d/sequence.py,123
15,7,707,7,egohand3d/sequence.py,124
15,8,708,7,egohand3d/sequence.py,125
15,9,709,7,egohand3d/sequence.py,126
15,10,710,7,egohand3d/sequence.py,127
15,11,711,7,egohand3d/sequence.py,128
15,12,712,7,egohand3d/sequence.py,129
15,13,713,7,egohand3d/sequence.py,130
15,14,714,7,egohand3d/sequence.py,131
15,15,715,7,egohand3d/sequence.py,132
15,16,716,7,egohand3d/sequence.py,133
15,17,717,7,egohand3d/sequence.py,134
15,18,718,7,egohand3d/sequence.py,135
15,19,719,7,egohand3d/sequence.py,136
15,20,720,7,egohand3d/sequence.py,137
15,21,721,7,egohand3d/sequence.py,138
15,22,722,7,egohand3d/sequence.py,139
15,23,723,7,egohand3d/sequence.py,140
15,24,724,7,egohand3d/sequence.py,141
15,25,725,7,egohand3d/sequence.py,142
15,26,726,7,egohand3d/sequence.py,143
15,27,727,7,egohand3d/sequence.py,144
15,28,728,7,egohand3d/sequence.py,145
15,29,729,7,egohand3d/sequence.py,146
15,30,730,7,egohand3d/sequence.py,147
15,31,731,7,egohand3d/sequence.py,148
15,32,732,7,egohand3d/sequence.py,149
15,33,733,7,egohand3d/sequence.py,150
15,34,734,7,egohand3d/sequence.py,151
15,35,735,7,egohand3d/sequence.py,152
15,36,736,7,egohand3d/sequence.py,153
15,37,737,7,egohand3d/sequence.py,154
15,38,738,7,egohand3d/sequence.py,155
15,39,739,7,egohand3d/sequence.py,156
15,40,740,7,egohand3d/sequence.py,157
15,41,741,7,egohand3d/sequence.py,158
15,42,742,7,egohand3d/sequence.py,159
15,43,743,7,egohand3d/sequence.py,160
15,44,744,7,egohand3d/sequence.py,161
15,45,745,7,egohand3d/sequence.py,162
15,46,746,7,egohand3d/sequence.py,163
15,47,747,7,egohand3d/sequence.py,164
15,48,748,7,egohand3d/sequence.py,165
15,49,749,7,egohand3d/sequence.py,166
15,50,750,7,egohand3d/sequence.py,167
16,1,751,7,egohand3d/sequence.py,168
16,2,752,7,egohand3d/sequence.py,169
16,3,753,7,egohand3d/sequence.py,170
16,4,754,7,egohand3d/sequence.py,171
16,5,755,8,egohand3d/dataset_adapters.py,1
16,6,756,8,egohand3d/dataset_adapters.py,2
16,7,757,8,egohand3d/dataset_adapters.py,4
16,8,758,8,egohand3d/dataset_adapters.py,5
16,9,759,8,egohand3d/dataset_adapters.py,7
16,10,760,8,egohand3d/dataset_adapters.py,9
16,11,761,8,egohand3d/dataset_adapters.py,12
16,12,762,8,egohand3d/dataset_adapters.py,13
16,13,763,8,egohand3d/dataset_adapters.py,14
16,14,764,8,egohand3d/dataset_adapters.py,15
16,15,765,8,egohand3d/dataset_adapters.py,16
16,16,766,8,egohand3d/dataset_adapters.py,17
16,17,767,8,egohand3d/dataset_adapters.py,18
16,18,768,8,egohand3d/dataset_adapters.py,19
16,19,769,8,egohand3d/dataset_adapters.py,20
16,20,770,8,egohand3d/dataset_adapters.py,21
16,21,771,8,egohand3d/dataset_adapters.py,22
16,22,772,8,egohand3d/dataset_adapters.py,23
16,23,773,8,egohand3d/dataset_adapters.py,24
16,24,774,8,egohand3d/dataset_adapters.py,25
16,25,775,8,egohand3d/dataset_adapters.py,26
16,26,776,8,egohand3d/dataset_adapters.py,27
16,27,777,8,egohand3d/dataset_adapters.py,28
16,28,778,8,egohand3d/dataset_adapters.py,29
16,29,779,8,egohand3d/dataset_adapters.py,30
16,30,780,8,egohand3d/dataset_adapters.py,31
16,31,781,8,egohand3d/dataset_adapters.py,32
16,32,782,8,egohand3d/dataset_adapters.py,33
16,33,783,8,egohand3d/dataset_adapters.py,34
16,34,784,8,egohand3d/dataset_adapters.py,35
16,35,785,8,egohand3d/dataset_adapters.py,36
16,36,786,8,egohand3d/dataset_adapters.py,37
16,37,787,8,egohand3d/dataset_adapters.py,38
16,38,788,8,egohand3d/dataset_adapters.py,39
16,39,789,8,egohand3d/dataset_adapters.py,40
16,40,790,8,egohand3d/dataset_adapters.py,41
16,41,791,8,egohand3d/dataset_adapters.py,42
16,42,792,8,egohand3d/dataset_adapters.py,43
16,43,793,8,egohand3d/dataset_adapters.py,44
16,44,794,8,egohand3d/dataset_adapters.py,45
16,45,795,8,egohand3d/dataset_adapters.py,46
16,46,796,8,egohand3d/dataset_adapters.py,47
16,47,797,8,egohand3d/dataset_adapters.py,48
16,48,798,8,egohand3d/dataset_adapters.py,49
16,49,799,8,egohand3d/dataset_adapters.py,50
16,50,800,8,egohand3d/dataset_adapters.py,51
17,1,801,8,egohand3d/dataset_adapters.py,52
17,2,802,8,egohand3d/dataset_adapters.py,53
17,3,803,8,egohand3d/dataset_adapters.py,54
17,4,804,8,egohand3d/dataset_adapters.py,55
17,5,805,9,egohand3d/metrics.py,1
17,6,806,9,egohand3d/metrics.py,2
17,7,807,9,egohand3d/metrics.py,4
17,8,808,9,egohand3d/metrics.py,5
17,9,809,9,egohand3d/metrics.py,8
17,10,810,9,egohand3d/metrics.py,9
17,11,811,9,egohand3d/metrics.py,10
17,12,812,9,egohand3d/metrics.py,11
17,13,813,9,egohand3d/metrics.py,12
17,14,814,9,egohand3d/metrics.py,13
17,15,815,9,egohand3d/metrics.py,14
17,16,816,9,egohand3d/metrics.py,15
17,17,817,9,egohand3d/metrics.py,16
17,18,818,9,egohand3d/metrics.py,17
17,19,819,9,egohand3d/metrics.py,18
17,20,820,9,egohand3d/metrics.py,19
17,21,821,9,egohand3d/metrics.py,20
17,22,822,9,egohand3d/metrics.py,21
17,23,823,9,egohand3d/metrics.py,24
17,24,824,9,egohand3d/metrics.py,25
17,25,825,9,egohand3d/metrics.py,26
17,26,826,9,egohand3d/metrics.py,27
17,27,827,9,egohand3d/metrics.py,28
17,28,828,9,egohand3d/metrics.py,29
17,29,829,9,egohand3d/metrics.py,30
17,30,830,9,egohand3d/metrics.py,33
17,31,831,9,egohand3d/metrics.py,34
17,32,832,9,egohand3d/metrics.py,35
17,33,833,9,egohand3d/metrics.py,36
17,34,834,9,egohand3d/metrics.py,37
17,35,835,9,egohand3d/metrics.py,38
17,36,836,9,egohand3d/metrics.py,39
17,37,837,9,egohand3d/metrics.py,40
17,38,838,9,egohand3d/metrics.py,41
17,39,839,9,egohand3d/metrics.py,42
17,40,840,9,egohand3d/metrics.py,43
17,41,841,9,egohand3d/metrics.py,44
17,42,842,9,egohand3d/metrics.py,45
17,43,843,9,egohand3d/metrics.py,46
17,44,844,9,egohand3d/metrics.py,47
17,45,845,9,egohand3d/metrics.py,50
17,46,846,9,egohand3d/metrics.py,51
17,47,847,9,egohand3d/metrics.py,52
17,48,848,9,egohand3d/metrics.py,53
17,49,849,9,egohand3d/metrics.py,54
17,50,850,9,egohand3d/metrics.py,55
18,1,851,9,egohand3d/metrics.py,58
18,2,852,9,egohand3d/metrics.py,59
18,3,853,9,egohand3d/metrics.py,60
18,4,854,9,egohand3d/metrics.py,61
18,5,855,9,egohand3d/metrics.py,62
18,6,856,9,egohand3d/metrics.py,63
18,7,857,9,egohand3d/metrics.py,64
18,8,858,9,egohand3d/metrics.py,65
18,9,859,9,egohand3d/metrics.py,66
18,10,860,9,egohand3d/metrics.py,67
18,11,861,9,egohand3d/metrics.py,68
18,12,862,9,egohand3d/metrics.py,69
18,13,863,9,egohand3d/metrics.py,70
18,14,864,9,egohand3d/metrics.py,71
18,15,865,9,egohand3d/metrics.py,72
18,16,866,9,egohand3d/metrics.py,73
18,17,867,9,egohand3d/metrics.py,74
18,18,868,9,egohand3d/metrics.py,75
18,19,869,9,egohand3d/metrics.py,76
18,20,870,9,egohand3d/metrics.py,77
18,21,871,9,egohand3d/metrics.py,78
18,22,872,9,egohand3d/metrics.py,79
18,23,873,9,egohand3d/metrics.py,80
18,24,874,9,egohand3d/metrics.py,81
18,25,875,9,egohand3d/metrics.py,82
18,26,876,9,egohand3d/metrics.py,83
18,27,877,9,egohand3d/metrics.py,84
18,28,878,9,egohand3d/metrics.py,85
18,29,879,9,egohand3d/metrics.py,86
18,30,880,9,egohand3d/metrics.py,87
18,31,881,9,egohand3d/metrics.py,88
18,32,882,9,egohand3d/metrics.py,89
18,33,883,9,egohand3d/metrics.py,90
18,34,884,9,egohand3d/metrics.py,91
18,35,885,9,egohand3d/metrics.py,92
18,36,886,9,egohand3d/metrics.py,93
18,37,887,9,egohand3d/metrics.py,94
18,38,888,9,egohand3d/metrics.py,95
18,39,889,9,egohand3d/metrics.py,96
18,40,890,9,egohand3d/metrics.py,97
18,41,891,9,egohand3d/metrics.py,98
18,42,892,9,egohand3d/metrics.py,99
18,43,893,9,egohand3d/metrics.py,100
18,44,894,9,egohand3d/metrics.py,101
18,45,895,9,egohand3d/metrics.py,102
18,46,896,9,egohand3d/metrics.py,103
18,47,897,9,egohand3d/metrics.py,104
18,48,898,9,egohand3d/metrics.py,105
18,49,899,9,egohand3d/metrics.py,106
18,50,900,9,egohand3d/metrics.py,107
19,1,901,9,egohand3d/metrics.py,108
19,2,902,9,egohand3d/metrics.py,109
19,3,903,9,egohand3d/metrics.py,110
19,4,904,9,egohand3d/metrics.py,111
19,5,905,9,egohand3d/metrics.py,112
19,6,906,9,egohand3d/metrics.py,113
19,7,907,9,egohand3d/metrics.py,114
19,8,908,9,egohand3d/metrics.py,115
19,9,909,9,egohand3d/metrics.py,116
19,10,910,9,egohand3d/metrics.py,117
19,11,911,9,egohand3d/metrics.py,118
19,12,912,9,egohand3d/metrics.py,119
19,13,913,9,egohand3d/metrics.py,120
19,14,914,9,egohand3d/metrics.py,121
19,15,915,9,egohand3d/metrics.py,122
19,16,916,9,egohand3d/metrics.py,123
19,17,917,9,egohand3d/metrics.py,124
19,18,918,9,egohand3d/metrics.py,125
19,19,919,9,egohand3d/metrics.py,126
19,20,920,9,egohand3d/metrics.py,127
19,21,921,9,egohand3d/metrics.py,128
19,22,922,9,egohand3d/metrics.py,129
19,23,923,9,egohand3d/metrics.py,130
19,24,924,9,egohand3d/metrics.py,131
19,25,925,9,egohand3d/metrics.py,132
19,26,926,9,egohand3d/metrics.py,133
19,27,927,9,egohand3d/metrics.py,134
19,28,928,9,egohand3d/metrics.py,135
19,29,929,9,egohand3d/metrics.py,136
19,30,930,9,egohand3d/metrics.py,137
19,31,931,9,egohand3d/metrics.py,138
19,32,932,9,egohand3d/metrics.py,139
19,33,933,9,egohand3d/metrics.py,140
19,34,934,9,egohand3d/metrics.py,141
19,35,935,10,egohand3d/reports.py,1
19,36,936,10,egohand3d/reports.py,2
19,37,937,10,egohand3d/reports.py,4
19,38,938,10,egohand3d/reports.py,5
19,39,939,10,egohand3d/reports.py,6
19,40,940,10,egohand3d/reports.py,7
19,41,941,10,egohand3d/reports.py,8
19,42,942,10,egohand3d/reports.py,9
19,43,943,10,egohand3d/reports.py,11
19,44,944,10,egohand3d/reports.py,13
19,45,945,10,egohand3d/reports.py,16
19,46,946,10,egohand3d/reports.py,17
19,47,947,10,egohand3d/reports.py,18
19,48,948,10,egohand3d/reports.py,19
19,49,949,10,egohand3d/reports.py,20
19,50,950,10,egohand3d/reports.py,21
20,1,951,10,egohand3d/reports.py,22
20,2,952,10,egohand3d/reports.py,23
20,3,953,10,egohand3d/reports.py,24
20,4,954,10,egohand3d/reports.py,25
20,5,955,10,egohand3d/reports.py,26
20,6,956,10,egohand3d/reports.py,27
20,7,957,10,egohand3d/reports.py,28
20,8,958,10,egohand3d/reports.py,29
20,9,959,10,egohand3d/reports.py,32
20,10,960,10,egohand3d/reports.py,33
20,11,961,10,egohand3d/reports.py,34
20,12,962,10,egohand3d/reports.py,35
20,13,963,10,egohand3d/reports.py,36
20,14,964,10,egohand3d/reports.py,39
20,15,965,10,egohand3d/reports.py,40
20,16,966,10,egohand3d/reports.py,41
20,17,967,10,egohand3d/reports.py,42
20,18,968,10,egohand3d/reports.py,43
20,19,969,10,egohand3d/reports.py,44
20,20,970,10,egohand3d/reports.py,45
20,21,971,10,egohand3d/reports.py,46
20,22,972,10,egohand3d/reports.py,47
20,23,973,10,egohand3d/reports.py,48
20,24,974,10,egohand3d/reports.py,49
20,25,975,10,egohand3d/reports.py,50
20,26,976,10,egohand3d/reports.py,51
20,27,977,10,egohand3d/reports.py,52
20,28,978,10,egohand3d/reports.py,53
20,29,979,10,egohand3d/reports.py,54
20,30,980,10,egohand3d/reports.py,55
20,31,981,10,egohand3d/reports.py,56
20,32,982,10,egohand3d/reports.py,57
20,33,983,10,egohand3d/reports.py,58
20,34,984,10,egohand3d/reports.py,61
20,35,985,10,egohand3d/reports.py,62
20,36,986,10,egohand3d/reports.py,63
20,37,987,10,egohand3d/reports.py,64
20,38,988,10,egohand3d/reports.py,65
20,39,989,10,egohand3d/reports.py,66
20,40,990,10,egohand3d/reports.py,67
20,41,991,10,egohand3d/reports.py,68
20,42,992,10,egohand3d/reports.py,69
20,43,993,10,egohand3d/reports.py,70
20,44,994,10,egohand3d/reports.py,71
20,45,995,10,egohand3d/reports.py,72
20,46,996,10,egohand3d/reports.py,73
20,47,997,10,egohand3d/reports.py,74
20,48,998,10,egohand3d/reports.py,75
20,49,999,10,egohand3d/reports.py,76
20,50,1000,10,egohand3d/reports.py,77
21,1,1001,10,egohand3d/reports.py,78
21,2,1002,10,egohand3d/reports.py,79
21,3,1003,10,egohand3d/reports.py,80
21,4,1004,10,egohand3d/reports.py,81
21,5,1005,10,egohand3d/reports.py,82
21,6,1006,10,egohand3d/reports.py,83
21,7,1007,10,egohand3d/reports.py,84
21,8,1008,10,egohand3d/reports.py,85
21,9,1009,10,egohand3d/reports.py,88
21,10,1010,10,egohand3d/reports.py,89
21,11,1011,10,egohand3d/reports.py,90
21,12,1012,10,egohand3d/reports.py,91
21,13,1013,10,egohand3d/reports.py,92
21,14,1014,10,egohand3d/reports.py,93
21,15,1015,10,egohand3d/reports.py,94
21,16,1016,10,egohand3d/reports.py,95
21,17,1017,10,egohand3d/reports.py,96
21,18,1018,10,egohand3d/reports.py,97
21,19,1019,10,egohand3d/reports.py,98
21,20,1020,10,egohand3d/reports.py,99
21,21,1021,10,egohand3d/reports.py,100
21,22,1022,10,egohand3d/reports.py,101
21,23,1023,10,egohand3d/reports.py,102
21,24,1024,10,egohand3d/reports.py,103
21,25,1025,10,egohand3d/reports.py,104
21,26,1026,10,egohand3d/reports.py,105
21,27,1027,10,egohand3d/reports.py,106
21,28,1028,10,egohand3d/reports.py,107
21,29,1029,10,egohand3d/reports.py,108
21,30,1030,10,egohand3d/reports.py,109
21,31,1031,10,egohand3d/reports.py,110
21,32,1032,10,egohand3d/reports.py,111
21,33,1033,10,egohand3d/reports.py,112
21,34,1034,10,egohand3d/reports.py,113
21,35,1035,10,egohand3d/reports.py,116
21,36,1036,10,egohand3d/reports.py,117
21,37,1037,10,egohand3d/reports.py,118
21,38,1038,10,egohand3d/reports.py,119
21,39,1039,10,egohand3d/reports.py,120
21,40,1040,10,egohand3d/reports.py,121
21,41,1041,10,egohand3d/reports.py,122
21,42,1042,10,egohand3d/reports.py,123
21,43,1043,10,egohand3d/reports.py,124
21,44,1044,10,egohand3d/reports.py,125
21,45,1045,10,egohand3d/reports.py,126
21,46,1046,10,egohand3d/reports.py,127
21,47,1047,10,egohand3d/reports.py,128
21,48,1048,10,egohand3d/reports.py,129
21,49,1049,10,egohand3d/reports.py,130
21,50,1050,10,egohand3d/reports.py,131
22,1,1051,10,egohand3d/reports.py,132
22,2,1052,10,egohand3d/reports.py,133
22,3,1053,10,egohand3d/reports.py,134
22,4,1054,10,egohand3d/reports.py,135
22,5,1055,10,egohand3d/reports.py,136
22,6,1056,10,egohand3d/reports.py,137
22,7,1057,10,egohand3d/reports.py,138
22,8,1058,10,egohand3d/reports.py,139
22,9,1059,10,egohand3d/reports.py,142
22,10,1060,10,egohand3d/reports.py,143
22,11,1061,10,egohand3d/reports.py,144
22,12,1062,10,egohand3d/reports.py,145
22,13,1063,10,egohand3d/reports.py,146
22,14,1064,10,egohand3d/reports.py,147
22,15,1065,10,egohand3d/reports.py,148
22,16,1066,10,egohand3d/reports.py,149
22,17,1067,10,egohand3d/reports.py,150
22,18,1068,10,egohand3d/reports.py,151
22,19,1069,10,egohand3d/reports.py,152
22,20,1070,10,egohand3d/reports.py,153
22,21,1071,10,egohand3d/reports.py,154
22,22,1072,10,egohand3d/reports.py,155
22,23,1073,10,egohand3d/reports.py,156
22,24,1074,10,egohand3d/reports.py,157
22,25,1075,10,egohand3d/reports.py,158
22,26,1076,10,egohand3d/reports.py,159
22,27,1077,10,egohand3d/reports.py,160
22,28,1078,10,egohand3d/reports.py,161
22,29,1079,10,egohand3d/reports.py,162
22,30,1080,10,egohand3d/reports.py,163
22,31,1081,10,egohand3d/reports.py,164
22,32,1082,10,egohand3d/reports.py,165
22,33,1083,11,egohand3d/video_export.py,1
22,34,1084,11,egohand3d/video_export.py,2
22,35,1085,11,egohand3d/video_export.py,4
22,36,1086,11,egohand3d/video_export.py,5
22,37,1087,11,egohand3d/video_export.py,6
22,38,1088,11,egohand3d/video_export.py,8
22,39,1089,11,egohand3d/video_export.py,9
22,40,1090,11,egohand3d/video_export.py,12
22,41,1091,11,egohand3d/video_export.py,13
22,42,1092,11,egohand3d/video_export.py,14
22,43,1093,11,egohand3d/video_export.py,15
22,44,1094,11,egohand3d/video_export.py,16
22,45,1095,11,egohand3d/video_export.py,17
22,46,1096,11,egohand3d/video_export.py,18
22,47,1097,11,egohand3d/video_export.py,19
22,48,1098,11,egohand3d/video_export.py,20
22,49,1099,11,egohand3d/video_export.py,21
22,50,1100,11,egohand3d/video_export.py,22
23,1,1101,11,egohand3d/video_export.py,23
23,2,1102,11,egohand3d/video_export.py,24
23,3,1103,11,egohand3d/video_export.py,25
23,4,1104,11,egohand3d/video_export.py,26
23,5,1105,11,egohand3d/video_export.py,27
23,6,1106,11,egohand3d/video_export.py,28
23,7,1107,11,egohand3d/video_export.py,29
23,8,1108,11,egohand3d/video_export.py,30
23,9,1109,11,egohand3d/video_export.py,31
23,10,1110,11,egohand3d/video_export.py,32
23,11,1111,11,egohand3d/video_export.py,33
23,12,1112,11,egohand3d/video_export.py,34
23,13,1113,11,egohand3d/video_export.py,35
23,14,1114,11,egohand3d/video_export.py,36
23,15,1115,11,egohand3d/video_export.py,37
23,16,1116,11,egohand3d/video_export.py,38
23,17,1117,11,egohand3d/video_export.py,39
23,18,1118,11,egohand3d/video_export.py,40
23,19,1119,11,egohand3d/video_export.py,41
23,20,1120,11,egohand3d/video_export.py,42
23,21,1121,11,egohand3d/video_export.py,43
23,22,1122,11,egohand3d/video_export.py,44
23,23,1123,11,egohand3d/video_export.py,45
23,24,1124,11,egohand3d/video_export.py,46
23,25,1125,11,egohand3d/video_export.py,47
23,26,1126,11,egohand3d/video_export.py,48
23,27,1127,11,egohand3d/video_export.py,49
23,28,1128,11,egohand3d/video_export.py,50
23,29,1129,11,egohand3d/video_export.py,51
23,30,1130,11,egohand3d/video_export.py,52
23,31,1131,11,egohand3d/video_export.py,53
23,32,1132,11,egohand3d/video_export.py,54
23,33,1133,11,egohand3d/video_export.py,55
23,34,1134,11,egohand3d/video_export.py,56
23,35,1135,11,egohand3d/video_export.py,57
23,36,1136,11,egohand3d/video_export.py,58
23,37,1137,11,egohand3d/video_export.py,59
23,38,1138,11,egohand3d/video_export.py,60
23,39,1139,11,egohand3d/video_export.py,61
23,40,1140,11,egohand3d/video_export.py,62
23,41,1141,11,egohand3d/video_export.py,63
23,42,1142,11,egohand3d/video_export.py,64
23,43,1143,11,egohand3d/video_export.py,65
23,44,1144,11,egohand3d/video_export.py,66
23,45,1145,11,egohand3d/video_export.py,67
23,46,1146,11,egohand3d/video_export.py,68
23,47,1147,11,egohand3d/video_export.py,69
23,48,1148,11,egohand3d/video_export.py,70
23,49,1149,11,egohand3d/video_export.py,71
23,50,1150,11,egohand3d/video_export.py,72
24,1,1151,11,egohand3d/video_export.py,73
24,2,1152,11,egohand3d/video_export.py,74
24,3,1153,11,egohand3d/video_export.py,75
24,4,1154,11,egohand3d/video_export.py,76
24,5,1155,12,egohand3d/workflow_cli.py,1
24,6,1156,12,egohand3d/workflow_cli.py,2
24,7,1157,12,egohand3d/workflow_cli.py,4
24,8,1158,12,egohand3d/workflow_cli.py,5
24,9,1159,12,egohand3d/workflow_cli.py,6
24,10,1160,12,egohand3d/workflow_cli.py,7
24,11,1161,12,egohand3d/workflow_cli.py,8
24,12,1162,12,egohand3d/workflow_cli.py,10
24,13,1163,12,egohand3d/workflow_cli.py,13
24,14,1164,12,egohand3d/workflow_cli.py,14
24,15,1165,12,egohand3d/workflow_cli.py,15
24,16,1166,12,egohand3d/workflow_cli.py,16
24,17,1167,12,egohand3d/workflow_cli.py,17
24,18,1168,12,egohand3d/workflow_cli.py,20
24,19,1169,12,egohand3d/workflow_cli.py,21
24,20,1170,12,egohand3d/workflow_cli.py,22
24,21,1171,12,egohand3d/workflow_cli.py,23
24,22,1172,12,egohand3d/workflow_cli.py,24
24,23,1173,12,egohand3d/workflow_cli.py,27
24,24,1174,12,egohand3d/workflow_cli.py,28
24,25,1175,12,egohand3d/workflow_cli.py,29
24,26,1176,12,egohand3d/workflow_cli.py,30
24,27,1177,12,egohand3d/workflow_cli.py,31
24,28,1178,12,egohand3d/workflow_cli.py,34
24,29,1179,12,egohand3d/workflow_cli.py,35
24,30,1180,12,egohand3d/workflow_cli.py,36
24,31,1181,12,egohand3d/workflow_cli.py,37
24,32,1182,12,egohand3d/workflow_cli.py,38
24,33,1183,12,egohand3d/workflow_cli.py,41
24,34,1184,12,egohand3d/workflow_cli.py,42
24,35,1185,12,egohand3d/workflow_cli.py,43
24,36,1186,12,egohand3d/workflow_cli.py,44
24,37,1187,12,egohand3d/workflow_cli.py,45
24,38,1188,12,egohand3d/workflow_cli.py,46
24,39,1189,12,egohand3d/workflow_cli.py,47
24,40,1190,12,egohand3d/workflow_cli.py,48
24,41,1191,12,egohand3d/workflow_cli.py,49
24,42,1192,12,egohand3d/workflow_cli.py,50
24,43,1193,12,egohand3d/workflow_cli.py,51
24,44,1194,12,egohand3d/workflow_cli.py,52
24,45,1195,12,egohand3d/workflow_cli.py,53
24,46,1196,12,egohand3d/workflow_cli.py,54
24,47,1197,12,egohand3d/workflow_cli.py,57
24,48,1198,12,egohand3d/workflow_cli.py,58
24,49,1199,12,egohand3d/workflow_cli.py,59
24,50,1200,12,egohand3d/workflow_cli.py,60
25,1,1201,12,egohand3d/workflow_cli.py,61
25,2,1202,12,egohand3d/workflow_cli.py,62
25,3,1203,12,egohand3d/workflow_cli.py,63
25,4,1204,12,egohand3d/workflow_cli.py,64
25,5,1205,12,egohand3d/workflow_cli.py,65
25,6,1206,12,egohand3d/workflow_cli.py,66
25,7,1207,12,egohand3d/workflow_cli.py,67
25,8,1208,12,egohand3d/workflow_cli.py,68
25,9,1209,12,egohand3d/workflow_cli.py,69
25,10,1210,12,egohand3d/workflow_cli.py,70
25,11,1211,12,egohand3d/workflow_cli.py,71
25,12,1212,12,egohand3d/workflow_cli.py,72
25,13,1213,12,egohand3d/workflow_cli.py,73
25,14,1214,12,egohand3d/workflow_cli.py,74
25,15,1215,12,egohand3d/workflow_cli.py,75
25,16,1216,12,egohand3d/workflow_cli.py,76
25,17,1217,12,egohand3d/workflow_cli.py,77
25,18,1218,12,egohand3d/workflow_cli.py,78
25,19,1219,12,egohand3d/workflow_cli.py,79
25,20,1220,12,egohand3d/workflow_cli.py,80
25,21,1221,12,egohand3d/workflow_cli.py,81
25,22,1222,12,egohand3d/workflow_cli.py,82
25,23,1223,12,egohand3d/workflow_cli.py,83
25,24,1224,12,egohand3d/workflow_cli.py,84
25,25,1225,12,egohand3d/workflow_cli.py,85
25,26,1226,12,egohand3d/workflow_cli.py,86
25,27,1227,12,egohand3d/workflow_cli.py,87
25,28,1228,12,egohand3d/workflow_cli.py,88
25,29,1229,12,egohand3d/workflow_cli.py,89
25,30,1230,12,egohand3d/workflow_cli.py,90
25,31,1231,12,egohand3d/workflow_cli.py,91
25,32,1232,12,egohand3d/workflow_cli.py,92
25,33,1233,12,egohand3d/workflow_cli.py,93
25,34,1234,12,egohand3d/workflow_cli.py,94
25,35,1235,12,egohand3d/workflow_cli.py,95
25,36,1236,12,egohand3d/workflow_cli.py,96
25,37,1237,12,egohand3d/workflow_cli.py,97
25,38,1238,12,egohand3d/workflow_cli.py,98
25,39,1239,12,egohand3d/workflow_cli.py,99
25,40,1240,12,egohand3d/workflow_cli.py,100
25,41,1241,12,egohand3d/workflow_cli.py,101
25,42,1242,12,egohand3d/workflow_cli.py,102
25,43,1243,12,egohand3d/workflow_cli.py,103
25,44,1244,12,egohand3d/workflow_cli.py,104
25,45,1245,12,egohand3d/workflow_cli.py,105
25,46,1246,12,egohand3d/workflow_cli.py,106
25,47,1247,12,egohand3d/workflow_cli.py,107
25,48,1248,12,egohand3d/workflow_cli.py,108
25,49,1249,12,egohand3d/workflow_cli.py,109
25,50,1250,12,egohand3d/workflow_cli.py,110
26,1,1251,12,egohand3d/workflow_cli.py,111
26,2,1252,12,egohand3d/workflow_cli.py,112
26,3,1253,12,egohand3d/workflow_cli.py,113
26,4,1254,12,egohand3d/workflow_cli.py,114
26,5,1255,12,egohand3d/workflow_cli.py,115
26,6,1256,12,egohand3d/workflow_cli.py,116
26,7,1257,12,egohand3d/workflow_cli.py,117
26,8,1258,12,egohand3d/workflow_cli.py,118
26,9,1259,12,egohand3d/workflow_cli.py,119
26,10,1260,12,egohand3d/workflow_cli.py,120
26,11,1261,12,egohand3d/workflow_cli.py,121
26,12,1262,12,egohand3d/workflow_cli.py,122
26,13,1263,12,egohand3d/workflow_cli.py,123
26,14,1264,12,egohand3d/workflow_cli.py,124
26,15,1265,12,egohand3d/workflow_cli.py,125
26,16,1266,12,egohand3d/workflow_cli.py,126
26,17,1267,12,egohand3d/workflow_cli.py,127
26,18,1268,12,egohand3d/workflow_cli.py,128
26,19,1269,12,egohand3d/workflow_cli.py,129
26,20,1270,12,egohand3d/workflow_cli.py,130
26,21,1271,12,egohand3d/workflow_cli.py,131
26,22,1272,12,egohand3d/workflow_cli.py,132
26,23,1273,12,egohand3d/workflow_cli.py,133
26,24,1274,12,egohand3d/workflow_cli.py,134
26,25,1275,12,egohand3d/workflow_cli.py,135
26,26,1276,12,egohand3d/workflow_cli.py,136
26,27,1277,12,egohand3d/workflow_cli.py,137
26,28,1278,12,egohand3d/workflow_cli.py,138
26,29,1279,12,egohand3d/workflow_cli.py,141
26,30,1280,12,egohand3d/workflow_cli.py,142
26,31,1281,12,egohand3d/workflow_cli.py,143
26,32,1282,12,egohand3d/workflow_cli.py,144
26,33,1283,12,egohand3d/workflow_cli.py,145
26,34,1284,12,egohand3d/workflow_cli.py,146
26,35,1285,12,egohand3d/workflow_cli.py,147
26,36,1286,12,egohand3d/workflow_cli.py,149
26,37,1287,12,egohand3d/workflow_cli.py,150
26,38,1288,12,egohand3d/workflow_cli.py,151
26,39,1289,12,egohand3d/workflow_cli.py,152
26,40,1290,12,egohand3d/workflow_cli.py,153
26,41,1291,12,egohand3d/workflow_cli.py,154
26,42,1292,12,egohand3d/workflow_cli.py,155
26,43,1293,12,egohand3d/workflow_cli.py,156
26,44,1294,12,egohand3d/workflow_cli.py,157
26,45,1295,12,egohand3d/workflow_cli.py,158
26,46,1296,12,egohand3d/workflow_cli.py,159
26,47,1297,12,egohand3d/workflow_cli.py,160
26,48,1298,12,egohand3d/workflow_cli.py,161
26,49,1299,12,egohand3d/workflow_cli.py,162
26,50,1300,12,egohand3d/workflow_cli.py,163
27,1,1301,12,egohand3d/workflow_cli.py,164
27,2,1302,12,egohand3d/workflow_cli.py,165
27,3,1303,12,egohand3d/workflow_cli.py,167
27,4,1304,12,egohand3d/workflow_cli.py,168
27,5,1305,12,egohand3d/workflow_cli.py,169
27,6,1306,12,egohand3d/workflow_cli.py,170
27,7,1307,12,egohand3d/workflow_cli.py,172
27,8,1308,12,egohand3d/workflow_cli.py,173
27,9,1309,12,egohand3d/workflow_cli.py,174
27,10,1310,12,egohand3d/workflow_cli.py,175
27,11,1311,12,egohand3d/workflow_cli.py,176
27,12,1312,12,egohand3d/workflow_cli.py,177
27,13,1313,12,egohand3d/workflow_cli.py,179
27,14,1314,12,egohand3d/workflow_cli.py,180
27,15,1315,12,egohand3d/workflow_cli.py,181
27,16,1316,12,egohand3d/workflow_cli.py,182
27,17,1317,12,egohand3d/workflow_cli.py,183
27,18,1318,12,egohand3d/workflow_cli.py,184
27,19,1319,12,egohand3d/workflow_cli.py,185
27,20,1320,12,egohand3d/workflow_cli.py,186
27,21,1321,12,egohand3d/workflow_cli.py,188
27,22,1322,12,egohand3d/workflow_cli.py,189
27,23,1323,12,egohand3d/workflow_cli.py,190
27,24,1324,12,egohand3d/workflow_cli.py,191
27,25,1325,12,egohand3d/workflow_cli.py,192
27,26,1326,12,egohand3d/workflow_cli.py,194
27,27,1327,12,egohand3d/workflow_cli.py,195
27,28,1328,12,egohand3d/workflow_cli.py,196
27,29,1329,12,egohand3d/workflow_cli.py,198
27,30,1330,12,egohand3d/workflow_cli.py,199
27,31,1331,12,egohand3d/workflow_cli.py,200
27,32,1332,12,egohand3d/workflow_cli.py,201
27,33,1333,12,egohand3d/workflow_cli.py,202
27,34,1334,12,egohand3d/workflow_cli.py,203
27,35,1335,12,egohand3d/workflow_cli.py,204
27,36,1336,12,egohand3d/workflow_cli.py,205
27,37,1337,12,egohand3d/workflow_cli.py,207
27,38,1338,12,egohand3d/workflow_cli.py,208
27,39,1339,12,egohand3d/workflow_cli.py,209
27,40,1340,12,egohand3d/workflow_cli.py,210
27,41,1341,12,egohand3d/workflow_cli.py,212
27,42,1342,12,egohand3d/workflow_cli.py,213
27,43,1343,12,egohand3d/workflow_cli.py,214
27,44,1344,12,egohand3d/workflow_cli.py,215
27,45,1345,13,egohand3d/workflow.py,1
27,46,1346,13,egohand3d/workflow.py,2
27,47,1347,13,egohand3d/workflow.py,4
27,48,1348,13,egohand3d/workflow.py,6
27,49,1349,13,egohand3d/workflow.py,9
27,50,1350,13,egohand3d/workflow.py,10
28,1,1351,13,egohand3d/workflow.py,11
28,2,1352,13,egohand3d/workflow.py,12
28,3,1353,13,egohand3d/workflow.py,13
28,4,1354,13,egohand3d/workflow.py,14
28,5,1355,13,egohand3d/workflow.py,15
28,6,1356,13,egohand3d/workflow.py,16
28,7,1357,13,egohand3d/workflow.py,17
28,8,1358,13,egohand3d/workflow.py,20
28,9,1359,13,egohand3d/workflow.py,21
