sample_id,gt_hand_index,prediction_index,mean_2d_px
7095ec389449fffd7a9d,0,0,14.121591406284214
efc49070b118c539fa6a,0,0,17.762630771773257
c93e69cfa74e94dd194e,0,0,28.35856959282906
06ce13b63db95aa54426,0,0,26.600317055982277
9bc1554101c75330f3c5,0,0,17.03248853323969
71640f7e58fb3b506fa8,0,0,16.846949808794843
593d916a72b8d99af85d,0,0,22.466376308445007
fac72fa9285a4cf94460,0,0,25.338270933534538
cca98cf9156e3e117e6e,0,0,8.56587982463498
60c867e928b1004e5722,0,0,7.514007894063066
0080ceb53ff15a248283,0,0,14.41437040050163
81452ed9b4d61544047d,0,0,19.543415462029895
c4255a26745d7717684a,0,0,15.394328079380863
c70d9a71dd9dae5c62d6,0,0,7.738107242497942
d99c19f246113bd54fac,0,0,19.397018841856337
39e716166756dfbb2eb1,0,0,27.740902145416733
3c73a3bdfccb31f7a17e,0,0,33.89080707050456
72b49737f19b1e3cd9e9,0,0,10.520341319118902
0822c45047bfd2ec5649,0,0,8.005572280748616
ad5bed7f707ef786b969,0,0,17.13954517403486
c75b756ae4f4733e9b54,0,0,28.86782626672738
a1f0f2cd9b1aa8230af2,0,0,15.253752732281644
f087ba92a9bb0929804e,0,0,7.749923464427111
090a45f91c9aa845653c,0,0,19.558433206156497
1d1ae671d78565e50394,0,0,19.691546517211865
c9f22f26802584512df6,0,0,9.774145863713684
e0ff6dfa92b450dca265,0,0,20.220849790951647
45d75c0c2a93499fc546,0,0,20.91111019522633
e68259a5312165b3b57e,0,0,16.961769571622547
3c756c05e14dc6e54fe9,0,0,16.64239917381888
02895a7401eeeae6350a,0,0,26.095923314152053
7b1828b2da33207e8fb8,0,0,13.394858315656275
e39f797c00f3e099ac96,0,0,17.243428715119943
943665096f5defbc30b3,0,0,22.705571153154136
508124fd5a4d407abd69,0,0,33.70508227491219
15b445f729750041e6c4,0,0,34.11400505269097
76eeddfa6e14ffdd619b,0,0,10.556115594897213
dac12332df85f1f9b0a9,0,0,8.204610037720379
7a7d38e7387294610cf0,0,0,14.447288004080606
f9cd026b235377bda645,0,0,13.963444655124974
f57b3a23afd37928ea60,0,0,14.453320599412574
5eacf98160c8b785ba22,0,0,7.60287910371037
b3b342d3c8a1612d1642,0,0,11.325161205520978
58e6b07c3049ac236f1e,0,0,37.343367372587366
6da36c1d3ca2ced3e806,0,0,42.47364381872729
d0d38f1355763e01c950,0,0,35.064377151695226
b7f57c46cf8bc0f4dbd6,0,0,30.351052828360718
93854a9cdc61107ad4ec,0,0,11.322334513562478
96c1b22dff10663f8b82,0,0,20.652452564995627
b59be0114b40d5bff539,0,0,18.868795830316373
5d9e157e47dbd1a6b264,0,0,14.677929252280583
f0e90327ceda2e00e78b,0,0,11.145998787829699
eb60c3c31134545feca9,0,0,16.02469148075243
f367b7efc007f79f6635,0,0,17.0526133564723
cf6a9b3e3b7d8117fbc2,0,0,10.206632893482569
ec1f5ab456f8e3d44ceb,0,0,19.82887454949702
d5964a49633c001b2dae,0,0,8.940380342491865
b39a3b916c33e2ddfdff,0,0,11.45628456142492
0d38a8a4b4295aa097de,0,0,18.15843059604926
2572c9e7d7545d40e68d,0,0,6.083293524163115
b2ba89ed8232a61689c5,0,0,32.78458257505033
5bf2ff702499eced6bc4,0,0,6.998766216870616
038609e0c34832d615b9,0,0,19.559243830652
88f929a70a5486387639,0,0,9.040446072209718
c97d7a1d58ceb6b9c31b,0,0,7.762650037771224
b2fec5e4c3ac0d55723c,0,0,6.427233988585369
5ef74d6cf8ff3f5902cb,0,0,10.513708138409227
c5bac11625e17c00bcbf,0,0,15.121850567350258
dcb5b948f1252cd07efb,0,0,18.147650137791175
3c076b42ca607f86dad6,0,0,10.549851315049708
d8d336061089fcc41379,0,0,14.453709220517608
06fb687cd145c9865e5a,0,0,5.908841346602878
bb5c304911f2b603f576,0,0,11.250775510166912
cb3302f466747031dc93,0,0,16.720973668711807
bd797c1babcd2f7f599d,0,0,20.017188486494124
a7a495d3f19650c0a385,0,1,42.37438614989031
0d5cd5084bc9cb8d5d97,0,1,9.190547829379174
8f963ebb290fd81a1ea5,0,0,16.599301591599165
ed2e31b73fe5cd9c92f2,0,0,14.832226799948682
f1973103add8267c2c6e,0,0,14.561797217422582
69a2b0a855cf75ec632b,0,0,13.721002127416503
e90617ba8d0d03b044bd,0,0,17.014585682563855
d7f1a890b4a7691369c9,0,0,9.9256969000153
3a5023a59d45765a53a5,0,0,6.125658320322703
53f97a59e37eadf4ae36,0,0,7.44379280743555
